{
  "posts": [
    {
      "id": 1,
      "title": "json-server",
      "author": "typicode"
    }
  ],
  "comments": [
    {
      "id": 1,
      "body": "some comment",
      "postId": 1
    }
  ],
  "profile": {
    "name": "typicode"
  },
  "userregistration": [
    {
      "email": "jayesh6531@gmail.com",
      "fullname": "Jayesh",
      "phoneno": "8690837911",
      "password": "jayesh123",
      "confirmpassword": "jayesh123",
      "terms": true,
      "id": 1
    }
  ],
  "employeeregistration": [
    {
      "fullName": "jayesh shamnani",
      "email": "jayeshshamnani@gmail.com",
      "address": "motera",
      "city": "ahmedabad",
      "phoneNo": "8690837911",
      "password": "jayu123",
      "confirmPassword": "jayu123",
      "id": 1
    }
  ]
}